extraction_date;lookahead_period;checkin_date;checkout_date;total_listings;median_price;p25_price;p75_price;median_price_per_sqm;if_anomaly_rate;lof_anomaly_rate;consensus_anomaly_rate;business_rule_rate
2026-02-25;1m;2026-03-28;2026-04-04;61444;1062.82;764.06;1611.325;15.763084825174824;0.05001301998567802;0.05001301998567802;0.0028481218670659463;0.07665516567931775
2026-02-25;3m;2026-05-30;2026-06-06;103961;970.0;700.0;1455.3;14.291666666666666;0.04999951905041314;0.050066851992574136;0.0026163657525418186;0.08240590221333
2026-03-04;1m;2026-04-04;2026-04-11;68166;949.9001;693.64;1421.0525;14.63;0.05005427925945486;0.05002493911920899;0.0026259425520053985;0.07849954522782619
2026-03-04;3m;2026-06-06;2026-06-13;109015;988.71;714.0;1485.0101;14.4811320754717;0.05000229326239508;0.05002981241113608;0.002641838279135899;0.08206210154565885
2026-03-11;1m;2026-04-11;2026-04-18;94044;863.0;630.0;1296.0001;12.731360869565217;0.04999787333588533;0.05001913997703203;0.0027752966696439965;0.0824933010080388
2026-03-11;3m;2026-06-13;2026-06-20;107452;1004.06;720.0001;1496.94;14.807692307692308;0.050003722592413355;0.050003722592413355;0.0021404906376800803;0.07873282954249339
2026-03-18;1m;2026-04-18;2026-04-25;89663;866.7;630.81505;1304.8;12.677045454545452;0.04999832706913666;0.05002063281398124;0.002252880229303057;0.08427110402284109
2026-03-18;3m;2026-06-20;2026-06-27;97760;1050.0001;735.0;1580.8650750000002;15.555555555555555;0.05;0.050030687397708676;0.0022708674304418985;0.07192103109656302
2026-03-25;1m;2026-04-25;2026-05-02;75440;886.28;653.4;1316.0;13.205560238847909;0.05;0.05;0.002717391304347826;0.07851272534464475
2026-03-25;3m;2026-06-27;2026-07-04;91243;1113.0;770.0;1684.4250000000002;16.706666666666667;0.04999835603827143;0.04999835603827143;0.002871453152570608;0.07010948785112282
2026-04-01;1m;2026-05-02;2026-05-09;80686;901.6;658.5;1342.1975;13.333333333333334;0.04999628188285452;0.04999628188285452;0.002714225516198597;0.08182336464814217
2026-04-01;3m;2026-07-04;2026-07-11;92849;1183.32;802.0001;1794.5457;18.000001428571426;0.050005923596376914;0.05001669377160766;0.002401749076457474;0.0690260530538832
2026-04-08;1m;2026-05-09;2026-05-16;88424;875.0001;643.02;1295.525;12.920877358490566;0.04999773817063241;0.04999773817063241;0.002827286709490636;0.08159549443589975
2026-04-08;3m;2026-07-11;2026-07-18;86199;1190.0;802.48005;1809.95;18.61363958333333;0.05000058005313287;0.05000058005313287;0.002645042285873386;0.06432789243494703
2026-04-15;1m;2026-05-16;2026-05-23;85293;863.1;631.8;1270.0;12.792972972972972;0.04999237921048621;0.05005100066828462;0.0027669328080850717;0.08168313929630802
2026-04-15;3m;2026-07-18;2026-07-25;78471;1190.0;793.63505;1830.0;19.366666666666667;0.05000573460259204;0.050018478163907684;0.0025359687018134086;0.06285124440876247
2026-04-22;1m;2026-05-23;2026-05-30;83529;849.02;629.0;1245.36;12.834705882352942;0.049994612649498976;0.050042500209508074;0.0025859282404913264;0.07996025332519245
2026-04-22;3m;2026-07-25;2026-08-01;76171;1165.37;771.785;1810.3400000000001;19.4138;0.05000590776017119;0.05001903611610718;0.002284333932861588;0.0613619356447992
2026-04-29;1m;2026-05-30;2026-06-06;79922;906.23505;663.0;1330.0;13.575545454545454;0.04999874878006056;0.04999874878006056;0.002302244688571357;0.08130427166487325
2026-04-29;3m;2026-08-01;2026-08-08;63968;1197.05;767.55;1928.5;20.85643434343434;0.04999374687343672;0.05002501250625312;0.0025637818909454726;0.05670022511255628
2026-05-06;1m;2026-06-06;2026-06-13;84265;931.0;676.7;1374.5457;13.8;0.050008900492493916;0.050008900492493916;0.002504005221622263;0.07981961668545659
2026-05-06;3m;2026-08-08;2026-08-15;54636;1251.8800500000002;776.0;2054.915;22.137171428571428;0.05000366059008712;0.05000366059008712;0.002635624862727872;0.05560436342338385
2026-05-13;1m;2026-06-13;2026-06-20;82790;945.0;684.0;1382.0600749999999;14.0;0.04999396062326368;0.05000603937673632;0.0025365382292547407;0.0780045899263196
2026-05-13;3m;2026-08-15;2026-08-22;65025;1259.0001;787.6101;2013.2001;21.41555555555556;0.04999615532487505;0.04999615532487505;0.0034602076124567475;0.05653210303729335
2026-05-20;1m;2026-06-20;2026-06-27;70030;980.0;690.35;1462.02;14.775427807486633;0.05000713979722976;0.05000713979722976;0.0022276167356847067;0.07328287876624304
2026-05-20;3m;2026-08-22;2026-08-29;81972;1252.01;818.300025;1914.12;19.99661111111111;0.050004879715024646;0.050004879715024646;0.0031596154784560584;0.05971551261406334
2026-05-27;1m;2026-06-27;2026-07-04;66593;1044.0;723.0;1573.7;15.972727272727273;0.05000525580766747;0.05000525580766747;0.00265793702040755;0.0721997807577373
2026-05-27;3m;2026-08-29;2026-09-05;93235;1157.4;812.1967;1741.55;17.60216666666667;0.05000268139647128;0.05000268139647128;0.003046066391376629;0.06536172038397597
2026-06-03;1m;2026-07-04;2026-07-11;69996;1108.8;749.0;1675.3;17.25;0.05000285730613178;0.05001714383679067;0.003114463683639065;0.06818961083490485
2026-06-03;3m;2026-09-05;2026-09-12;103859;1081.0;775.51005;1618.7;15.978260869565217;0.050019738299040044;0.050000481421927805;0.002580421533039987;0.07591060957644499
2026-06-10;1m;2026-07-11;2026-07-18;61698;1094.21;731.665;1665.02;17.678938616938616;0.05000162079808097;0.05000162079808097;0.0031119323154721384;0.06659859314726571
2026-06-10;3m;2026-09-12;2026-09-19;109171;1037.4;750.0;1542.435;15.216666666666669;0.050004121973784246;0.04999496203204148;0.0022441857269787763;0.07738318784292532
2026-06-17;1m;2026-07-18;2026-07-25;53600;1071.0;705.5;1672.6909500000002;18.11764705882353;0.05;0.05;0.0024440298507462685;0.06595149253731343
2026-06-17;3m;2026-09-19;2026-09-26;114034;1015.0;734.0;1513.05;14.82444285714286;0.0500026307943245;0.0500026307943245;0.0025606398091797184;0.07665257730150657
2026-06-24;1m;2026-07-25;2026-08-01;52059;1037.61;681.0991;1618.515;18.011286206896553;0.05000096044872164;0.05000096044872164;0.0022282410342111835;0.06363933229604872
2026-06-24;3m;2026-09-26;2026-10-03;105753;997.5;719.1;1511.4;14.54166875;0.05000330959878207;0.05000330959878207;0.002316719147447354;0.07662193980312615
2026-07-01;1m;2026-08-01;2026-08-08;42638;1030.0;661.0;1695.4;19.03460067200827;0.05000234532576575;0.05000234532576575;0.0022046062198039307;0.05957127445002111
2026-07-01;3m;2026-10-03;2026-10-10;108648;970.0;699.02;1472.8;14.128731587301587;0.050014726456078344;0.04999631838598041;0.0024022531477799866;0.08125322141226714
2026-07-08;1m;2026-08-08;2026-08-15;16938;1040.0001;637.4125;1761.275;19.354020967741935;0.04994686503719448;0.05012398157987956;0.0065533120793482115;0.06098712953123155
2026-07-08;3m;2026-10-10;2026-10-17;56267;960.0;698.4;1439.0;14.022375;0.05002932447082659;0.05002932447082659;0.0035189364991913556;0.07697229281817052
2026-07-15;1m;2026-08-15;2026-08-22;40858;1075.0334;665.7125249999999;1778.9975;19.421548039742213;0.04997797249008762;0.050051397523128885;0.0036223016300357333;0.06106515247931862
2026-07-15;3m;2026-10-17;2026-10-24;116086;924.0;671.0201;1395.77;13.650000833333333;0.04998018710266527;0.05000603001223231;0.002713505504539738;0.07759764312664749
2026-07-22;1m;2026-08-22;2026-08-29;55802;1105.65;700.0;1713.02;18.454772727272726;0.049962366940253036;0.0500698899681015;0.0035661804236407297;0.06268592523565464
2026-07-22;3m;2026-10-24;2026-10-31;121744;904.1;653.5;1354.1791;13.185557142857142;0.049940859508476806;0.0499819292942568;0.0033512945196477856;0.07849257458273097
2026-07-29;1m;2026-08-29;2026-09-05;68647;1071.0;749.0;1593.47;16.504931506849314;0.0499657668944018;0.049994901452357715;0.0034961469547103298;0.07052019753230294
2026-07-29;3m;2026-10-31;2026-11-07;111927;901.8;654.8001;1347.17;12.907317073170733;0.049952200988144055;0.05003261054079891;0.003573757895771351;0.07815808518051945
2026-08-19;1m;2026-09-19;2026-09-26;78897;922.0;672.0;1360.4;13.566;0.04997655170665551;0.05011597399140652;0.0029025184734527295;0.0790777849601379
2026-08-19;3m;2026-11-21;2026-11-28;109100;847.5699999999999;619.5489;1275.7649999999999;12.0;0.04998166819431714;0.05;0.0030522456461961503;0.07829514207149404
2026-08-26;1m;2026-09-26;2026-10-03;76483;913.32;670.31;1367.645;13.522727272727272;0.050011113580795734;0.050011113580795734;0.002824157002209641;0.07922021887216767
2026-08-26;3m;2026-11-28;2026-12-05;103648;879.8050499999999;640.0;1319.787525;12.537100840336134;0.05002508490274776;0.05003473294226613;0.002778635381290522;0.07714572398888546
2026-09-04;1m;2026-10-10;2026-10-17;76805;908.57;665.0;1351.9601;13.553030303030305;0.05004882494629256;0.05004882494629256;0.0038929757177267104;0.08167437015819283
2026-09-04;3m;2026-12-05;2026-12-12;104034;918.845;666.005075;1371.513175;12.95460606060606;0.04994521021973586;0.049993271430493876;0.003364284753061499;0.07608089662994791
2026-09-13;1m;2026-10-17;2026-10-24;85404;840.0;616.6401;1247.0;12.664565756823823;0.050079621563392816;0.05003278534963233;0.003325371176994052;0.08286497119572854
2026-09-13;3m;2026-12-19;2026-12-26;92467;970.6;694.25;1477.98;14.188;0.05015843490109985;0.0499313268517417;0.0037851341559691568;0.07496728562622341
